id,value
id_0,24.82
id_1,10.57
id_2,22.31
id_3,26.09
id_4,37.61
id_5,26.63
id_6,25.68
id_7,23.87
id_8,24.58
id_9,44.19
id_10,44.7
id_11,53.03
id_12,71.72
id_13,77.38
id_14,69.62
id_15,52.93
id_16,55.31
id_17,53.53
id_18,16.53
id_19,24.12
id_20,32.19
id_21,20.78
id_22,11.25
id_23,16.52
id_24,29.95
id_25,40.09
id_26,37.96
id_27,18.03
id_28,16.44
id_29,16.7
id_30,22.37
id_31,25.5
id_32,21.95
id_33,21.24
id_34,22.97
id_35,21.57
id_36,19.35
id_37,13.57
id_38,9.94
id_39,20.25
id_40,31.87
id_41,41.4
id_42,37.72
id_43,21.46
id_44,18.89
id_45,19.34
id_46,16.61
id_47,15.6
id_48,21.02
id_49,15.95
id_50,14.79
id_51,7.36
id_52,16.11
id_53,14.4
id_54,21.04
id_55,17.1
id_56,8.46
id_57,12.04
id_58,9.13
id_59,14.12
id_60,9.19
id_61,10.42
id_62,9.47
id_63,31.7
id_64,34.52
id_65,34.16
id_66,24.8
id_67,20.87
id_68,19.96
id_69,29.89
id_70,25.79
id_71,27.14
id_72,7.77
id_73,10.56
id_74,18.26
id_75,27.81
id_76,29.15
id_77,24.11
id_78,23.68
id_79,26.18
id_80,41.79
id_81,20.61
id_82,25.57
id_83,28.91
id_84,30.49
id_85,29.23
id_86,37.54
id_87,36.15
id_88,32.69
id_89,34.14
id_90,22.8
id_91,21.91
id_92,19.27
id_93,27.05
id_94,32.43
id_95,32.36
id_96,31.55
id_97,21.04
id_98,17.1
id_99,18.28
id_100,19.35
id_101,13.57
id_102,9.94
id_103,20.25
id_104,31.87
id_105,41.4
id_106,37.72
id_107,21.46
id_108,16.13
id_109,9.25
id_110,7.59
id_111,7.77
id_112,10.56
id_113,18.26
id_114,27.81
id_115,29.15
id_116,24.11
id_117,26.2
id_118,16.31
id_119,23.04
id_120,32.52
id_121,32.77
id_122,40.36
id_123,45.13
id_124,49.02
id_125,52.26
id_126,31.18
id_127,18.5
id_128,17.12
id_129,31.7
id_130,34.52
id_131,34.16
id_132,24.8
id_133,20.87
id_134,19.96
id_135,28.18
id_136,30.18
id_137,53.6
id_138,43.96
id_139,31.71
id_140,23.82
id_141,13.39
id_142,22.68
id_143,22.74
id_144,18.26
id_145,10.39
id_146,14.69
id_147,19.58
id_148,29.61
id_149,24.7
id_150,22.4
id_151,22.84
id_152,18.03
id_153,13.08
id_154,15.92
id_155,23.39
id_156,25.39
id_157,22.8
id_158,21.91
id_159,19.27
id_160,27.05
id_161,32.43
id_162,37.02
id_163,51.66
id_164,33.4
id_165,31.18
id_166,18.5
id_167,17.12
id_168,31.7
id_169,34.52
id_170,34.16
id_171,19.14
id_172,18.26
id_173,10.39
id_174,14.69
id_175,19.58
id_176,29.61
id_177,24.7
id_178,22.4
id_179,22.84
id_180,28.49
id_181,32.4
id_182,31.46
id_183,32.84
id_184,32.47
id_185,24.99
id_186,31.69
id_187,24.01
id_188,21.52
id_189,17.08
id_190,16.56
id_191,18.85
id_192,28.27
id_193,31.83
id_194,31.08
id_195,22.73
id_196,38.04
id_197,46.42
id_198,52.75
id_199,65.08
id_200,66.8
id_201,60.08
id_202,44.1
id_203,31.92
id_204,25.3
id_205,28.18
id_206,30.18
id_207,16.7
id_208,22.37
id_209,25.5
id_210,21.95
id_211,21.24
id_212,22.97
id_213,21.57
id_214,16.13
id_215,9.25
id_216,52.26
id_217,49.04
id_218,44.92
id_219,37.58
id_220,56.17
id_221,58.26
id_222,59.96
id_223,52.77
id_224,39.89
id_225,19.91
id_226,18.4
id_227,8.59
id_228,10.31
id_229,10.59
id_230,7.52
id_231,6.9
id_232,4.49
id_233,6.12
id_234,32.79
id_235,49.97
id_236,19.69
id_237,19.08
id_238,18.71
id_239,19.9
id_240,20.73
id_241,20.53
id_242,22.07
id_243,18.82
id_244,12.34
id_245,8.05
id_246,14.32
id_247,18.02
id_248,18.11
id_249,16.25
id_250,23.33
id_251,25.46
id_252,23.8
id_253,26.84
id_254,19.05
id_255,19.24
id_256,14.39
id_257,16.98
id_258,13.19
id_259,20.51
id_260,24.95
id_261,18.76
id_262,16.84
id_263,17.26
id_264,18.67
id_265,20.59
id_266,18.82
id_267,12.34
id_268,8.05
id_269,14.32
id_270,41.61
id_271,28.15
id_272,21.32
id_273,23.51
id_274,32.11
id_275,31.21
id_276,31.41
id_277,37.75
id_278,35.46
id_279,40.31
id_280,36.27
id_281,28.66
id_282,27.69
id_283,35.6
id_284,36.52
id_285,24.21
id_286,23.6
id_287,24.19
id_288,8.05
id_289,14.32
id_290,18.02
id_291,18.11
id_292,16.25
id_293,23.33
id_294,25.46
id_295,28.47
id_296,24.58
id_297,33.13
id_298,39.08
id_299,30.68
id_300,33.72
id_301,25.53
id_302,29.29
id_303,22.58
id_304,33.76
id_305,36.17
id_306,8.28
id_307,13.34
id_308,14.52
id_309,17.15
id_310,13.68
id_311,24.52
id_312,19.87
id_313,28.63
id_314,22.99
id_315,41.27
id_316,38.31
id_317,30.72
id_318,23.27
id_319,25.38
id_320,26.2
id_321,16.31
id_322,23.04
id_323,32.52
id_324,13.92
id_325,22.77
id_326,19.91
id_327,18.4
id_328,8.59
id_329,10.31
id_330,10.59
id_331,7.52
id_332,6.9
id_333,24.74
id_334,28.39
id_335,24.78
id_336,32.43
id_337,22.91
id_338,29.59
id_339,28.22
id_340,37.71
id_341,41.67
id_342,24.5
id_343,22.68
id_344,21.52
id_345,44.8
id_346,43.65
id_347,28.39
id_348,30.92
id_349,31.04
id_350,24.06
id_351,56.53
id_352,75.2
id_353,93.13
id_354,84.29
id_355,63.18
id_356,64.13
id_357,70.15
id_358,72.46
id_359,47.22
id_360,37.71
id_361,41.67
id_362,40.31
id_363,36.27
id_364,28.66
id_365,27.69
id_366,35.6
id_367,36.52
id_368,24.21
id_369,39.08
id_370,30.68
id_371,33.72
id_372,25.53
id_373,29.29
id_374,22.58
id_375,33.76
id_376,36.17
id_377,22.19
id_378,25.74
id_379,19.86
id_380,20.35
id_381,14.53
id_382,30.53
id_383,37.12
id_384,34.69
id_385,35.42
id_386,23.41
id_387,28.22
id_388,37.71
id_389,41.67
id_390,40.31
id_391,36.27
id_392,28.66
id_393,27.69
id_394,35.6
id_395,36.52
id_396,36.39
id_397,31.79
id_398,39.25
id_399,49.17
id_400,37.27
id_401,56.24
id_402,56.53
id_403,75.2
id_404,93.13
id_405,31.79
id_406,39.25
id_407,49.17
id_408,37.27
id_409,56.24
id_410,56.53
id_411,75.2
id_412,93.13
id_413,84.29
id_414,70.98
id_415,75.78
id_416,68.7
id_417,85.82
id_418,75.07
id_419,64.07
id_420,46.63
id_421,34.08
id_422,29.32
id_423,24.84
id_424,16.13
id_425,27.11
id_426,13.83
id_427,16.71
id_428,13.7
id_429,22.76
id_430,30.61
id_431,28.62
id_432,21.18
id_433,27.57
id_434,30.78
id_435,28.76
id_436,19.72
id_437,15.83
id_438,14.8
id_439,25.58
id_440,33.14
id_441,28.33
id_442,25.12
id_443,28.78
id_444,34.46
id_445,29.65
id_446,24.96
id_447,25.24
id_448,25.6
id_449,30.58
id_450,15.14
id_451,3.93
id_452,10.54
id_453,20.83
id_454,28.07
id_455,28.61
id_456,23.25
id_457,21.11
id_458,15.35
id_459,46.77
id_460,40.58
id_461,25.36
id_462,32.9
id_463,25.6
id_464,30.69
id_465,32.97
id_466,30.17
id_467,27.64
id_468,17.19
id_469,32.53
id_470,27.77
id_471,25.26
id_472,10.07
id_473,18.39
id_474,16.5
id_475,25.6
id_476,17.51
id_477,28.42
id_478,33.98
id_479,43.05
id_480,39.51
id_481,43.85
id_482,25.54
id_483,21.39
id_484,29.34
id_485,28.29
id_486,11.59
id_487,13.15
id_488,18.52
id_489,28.72
id_490,25.7
id_491,20.41
id_492,15.22
id_493,12.82
id_494,15.15
id_495,21.71
id_496,22.54
id_497,9.63
id_498,8.89
id_499,21.21
id_500,20.78
id_501,17.49
id_502,14.86
id_503,13.26
id_504,22.54
id_505,9.63
id_506,8.89
id_507,21.21
id_508,20.78
id_509,17.49
id_510,14.86
id_511,13.26
id_512,16.89
id_513,15.78
id_514,28.98
id_515,23.85
id_516,15.26
id_517,18.93
id_518,11.42
id_519,11.63
id_520,10.17
id_521,6.8
id_522,14.73
id_523,15.03
id_524,23.54
id_525,22.1
id_526,13.65
id_527,15.96
id_528,6.57
id_529,27.72
id_530,46.77
id_531,21.62
id_532,28.57
id_533,35.9
id_534,36.8
id_535,34.48
id_536,28.93
id_537,14.12
id_538,9.4
id_539,12.13
id_540,12.81
id_541,17.56
id_542,13.02
id_543,21.35
id_544,14.15
id_545,38.16
id_546,27.16
id_547,32.38
id_548,27.86
id_549,29.59
id_550,17.8
id_551,12.0
id_552,11.12
id_553,19.34
id_554,19.28
id_555,20.45
id_556,19.5
id_557,21.71
id_558,17.69
id_559,14.52
id_560,21.74
id_561,29.05
id_562,26.3
id_563,28.71
id_564,31.25
id_565,26.96
id_566,16.56
id_567,19.67
id_568,26.51
id_569,26.11
id_570,21.62
id_571,28.57
id_572,35.9
id_573,36.8
id_574,34.48
id_575,28.93
id_576,19.34
id_577,19.28
id_578,20.45
id_579,19.5
id_580,21.71
id_581,22.54
id_582,9.63
id_583,8.89
id_584,21.21
id_585,28.78
id_586,34.46
id_587,29.65
id_588,24.96
id_589,25.24
id_590,25.6
id_591,30.58
id_592,30.28
id_593,39.49
id_594,16.89
id_595,8.67
id_596,21.03
id_597,14.15
id_598,17.19
id_599,32.53
id_600,27.77
id_601,25.26
id_602,10.07
id_603,21.96
id_604,14.33
id_605,19.48
id_606,14.64
id_607,0.96
id_608,3.7
id_609,4.53
id_610,11.15
id_611,14.58
id_612,24.58
id_613,30.52
id_614,25.58
id_615,29.86
id_616,30.44
id_617,49.93
id_618,55.87
id_619,56.45
id_620,44.5
id_621,61.44
id_622,46.38
id_623,46.07
id_624,32.69
id_625,44.38
id_626,49.62
id_627,38.52
id_628,44.13
id_629,36.87
id_630,40.21
id_631,33.86
id_632,32.92
id_633,29.73
id_634,31.76
id_635,26.79
id_636,25.5
id_637,20.04
id_638,27.35
id_639,58.21
id_640,61.8
id_641,61.69
id_642,60.85
id_643,62.77
id_644,72.02
id_645,46.34
id_646,48.46
id_647,45.92
id_648,29.0
id_649,21.12
id_650,20.41
id_651,28.14
id_652,25.49
id_653,26.18
id_654,20.14
id_655,28.91
id_656,25.57
id_657,46.1
id_658,24.82
id_659,44.06
id_660,35.02
id_661,40.07
id_662,31.07
id_663,39.18
id_664,39.35
id_665,45.83
id_666,27.46
id_667,19.43
id_668,26.1
id_669,21.2
id_670,21.72
id_671,33.61
id_672,36.82
id_673,36.49
id_674,35.26
id_675,28.11
id_676,35.06
id_677,45.18
id_678,45.09
id_679,38.19
id_680,36.4
id_681,28.61
id_682,19.43
id_683,24.5
id_684,10.42
id_685,2.16
id_686,2.07
id_687,0.36
id_688,1.0
id_689,-0.67
id_690,0.54
id_691,1.16
id_692,1.64
id_693,57.63
id_694,56.58
id_695,59.56
id_696,66.04
id_697,75.02
id_698,61.61
id_699,58.96
id_700,55.54
id_701,62.84
id_702,10.08
id_703,21.31
id_704,22.75
id_705,27.46
id_706,19.43
id_707,26.1
id_708,21.2
id_709,21.72
id_710,33.61
id_711,51.77
id_712,44.32
id_713,33.36
id_714,33.06
id_715,36.3
id_716,26.16
id_717,19.67
id_718,13.93
id_719,16.93
id_720,13.31
id_721,10.99
id_722,31.73
id_723,30.43
id_724,29.0
id_725,21.12
id_726,20.41
id_727,28.14
id_728,25.49
id_729,61.8
id_730,61.69
id_731,60.85
id_732,62.77
id_733,72.02
id_734,46.34
id_735,48.46
id_736,45.92
id_737,62.14
id_738,0.36
id_739,1.0
id_740,-0.67
id_741,0.54
id_742,1.16
id_743,1.64
id_744,5.84
id_745,0.79
id_746,17.97
id_747,25.01
id_748,21.29
id_749,19.0
id_750,15.02
id_751,13.7
id_752,15.07
id_753,15.9
id_754,19.85
id_755,13.44
id_756,45.92
id_757,62.14
id_758,65.34
id_759,69.57
id_760,56.65
id_761,49.73
id_762,39.55
id_763,52.32
id_764,39.93
id_765,18.65
id_766,12.79
id_767,10.42
id_768,2.16
id_769,2.07
id_770,0.36
id_771,1.0
id_772,-0.67
id_773,0.54
id_774,23.79
id_775,17.41
id_776,24.17
id_777,27.31
id_778,25.01
id_779,21.29
id_780,19.0
id_781,15.02
id_782,13.7
id_783,62.14
id_784,65.34
id_785,69.57
id_786,56.65
id_787,49.73
id_788,39.55
id_789,52.32
id_790,39.93
id_791,32.74
id_792,32.27
id_793,26.92
id_794,19.74
id_795,23.26
id_796,28.65
id_797,25.13
id_798,41.22
id_799,34.71
id_800,35.68
id_801,15.13
id_802,22.83
id_803,21.6
id_804,27.42
id_805,22.72
id_806,15.77
id_807,7.75
id_808,12.11
id_809,21.34
id_810,23.27
id_811,19.73
id_812,20.1
id_813,14.53
id_814,14.27
id_815,17.74
id_816,14.91
id_817,17.78
id_818,21.95
id_819,40.72
id_820,36.95
id_821,32.9
id_822,33.95
id_823,37.0
id_824,40.63
id_825,38.95
id_826,40.25
id_827,44.41
id_828,8.97
id_829,6.07
id_830,14.58
id_831,15.2
id_832,27.1
id_833,29.86
id_834,35.57
id_835,29.41
id_836,28.15
id_837,39.11
id_838,47.86
id_839,37.87
id_840,34.59
id_841,23.41
id_842,25.3
id_843,47.33
id_844,49.11
id_845,36.65
id_846,26.65
id_847,8.39
id_848,4.91
id_849,7.4
id_850,10.57
id_851,22.27
id_852,31.25
id_853,33.4
id_854,23.24
id_855,27.67
id_856,31.44
id_857,21.25
id_858,22.05
id_859,12.25
id_860,12.38
id_861,12.07
id_862,9.87
id_863,18.4
id_864,36.95
id_865,32.9
id_866,33.95
id_867,37.0
id_868,40.63
id_869,38.95
id_870,40.25
id_871,44.41
id_872,44.71
id_873,34.59
id_874,23.41
id_875,25.3
id_876,47.33
id_877,49.11
id_878,36.65
id_879,30.35
id_880,33.69
id_881,40.72
id_882,16.3
id_883,13.11
id_884,20.18
id_885,30.03
id_886,30.7
id_887,26.4
id_888,15.44
id_889,22.61
id_890,33.63
id_891,4.91
id_892,7.4
id_893,10.57
id_894,22.27
id_895,31.25
id_896,33.4
id_897,23.24
id_898,27.02
id_899,21.94
id_900,22.1
id_901,16.3
id_902,13.11
id_903,20.18
id_904,30.03
id_905,30.7
id_906,26.4
id_907,15.44
id_908,22.61
id_909,27.03
id_910,14.26
id_911,7.08
id_912,2.19
id_913,9.95
id_914,9.87
id_915,10.13
id_916,10.34
id_917,17.04
id_918,33.4
id_919,23.24
id_920,27.02
id_921,21.94
id_922,22.22
id_923,17.94
id_924,15.88
id_925,16.8
id_926,5.73
id_927,18.4
id_928,20.45
id_929,17.64
id_930,17.31
id_931,11.43
id_932,11.51
id_933,16.18
id_934,26.97
id_935,26.65
id_936,34.51
id_937,28.35
id_938,26.28
id_939,28.81
id_940,27.81
id_941,34.97
id_942,30.77
id_943,33.75
id_944,38.48
id_945,80.63
id_946,77.14
id_947,73.25
id_948,67.26
id_949,58.1
id_950,79.25
id_951,86.02
id_952,84.51
id_953,88.12
id_954,15.2
id_955,27.1
id_956,29.86
id_957,35.57
id_958,29.41
id_959,28.15
id_960,25.47
id_961,33.9
id_962,25.78
id_963,34.72
id_964,28.18
id_965,29.63
id_966,24.64
id_967,34.73
id_968,16.41
id_969,14.54
id_970,8.97
id_971,15.29
id_972,44.71
id_973,49.96
id_974,39.42
id_975,50.13
id_976,46.91
id_977,56.81
id_978,49.87
id_979,50.15
id_980,50.83
id_981,20.81
id_982,18.73
id_983,23.68
id_984,22.1
id_985,16.3
id_986,13.11
id_987,20.18
id_988,30.03
id_989,30.7
id_990,16.18
id_991,26.97
id_992,26.65
id_993,8.39
id_994,4.91
id_995,7.4
id_996,10.57
id_997,22.27
id_998,31.25
id_999,37.82
id_1000,40.46
id_1001,33.38
id_1002,26.61
id_1003,26.1
id_1004,26.48
id_1005,24.43
id_1006,26.88
id_1007,34.43
id_1008,6.93
id_1009,9.15
id_1010,28.12
id_1011,22.25
id_1012,27.11
id_1013,27.98
id_1014,23.03
id_1015,14.26
id_1016,21.7
id_1017,6.58
id_1018,5.09
id_1019,6.08
id_1020,4.88
id_1021,3.09
id_1022,5.35
id_1023,11.56
id_1024,22.48
id_1025,5.06
id_1026,10.56
id_1027,18.3
id_1028,19.37
id_1029,16.26
id_1030,15.22
id_1031,30.02
id_1032,57.28
id_1033,83.31
id_1034,115.69
id_1035,34.09
id_1036,37.04
id_1037,49.94
id_1038,40.13
id_1039,49.67
id_1040,33.12
id_1041,30.71
id_1042,31.22
id_1043,32.09
id_1044,40.49
id_1045,23.05
id_1046,7.21
id_1047,21.43
id_1048,27.69
id_1049,30.12
id_1050,38.12
id_1051,55.27
id_1052,52.49
id_1053,39.2
id_1054,46.21
id_1055,44.0
id_1056,32.09
id_1057,24.06
id_1058,21.64
id_1059,23.03
id_1060,12.62
id_1061,6.71
id_1062,55.17
id_1063,48.22
id_1064,47.85
id_1065,34.57
id_1066,48.48
id_1067,54.14
id_1068,61.13
id_1069,57.02
id_1070,63.97
id_1071,20.17
id_1072,16.63
id_1073,18.39
id_1074,12.55
id_1075,6.2
id_1076,2.15
id_1077,6.59
id_1078,12.21
id_1079,29.83
id_1080,32.09
id_1081,24.06
id_1082,21.64
id_1083,23.03
id_1084,12.62
id_1085,6.71
id_1086,7.13
id_1087,12.52
id_1088,20.17
id_1089,37.04
id_1090,49.94
id_1091,40.13
id_1092,49.67
id_1093,33.12
id_1094,30.71
id_1095,31.22
id_1096,32.09
id_1097,22.94
id_1098,12.55
id_1099,6.2
id_1100,2.15
id_1101,6.59
id_1102,12.21
id_1103,29.83
id_1104,40.61
id_1105,50.46
id_1106,56.49
id_1107,86.32
id_1108,80.56
id_1109,62.34
id_1110,53.2
id_1111,59.11
id_1112,58.66
id_1113,46.53
id_1114,27.86
id_1115,19.9
id_1116,27.8
id_1117,22.69
id_1118,14.57
id_1119,-0.04
id_1120,11.6
id_1121,3.3
id_1122,12.87
id_1123,15.64
id_1124,11.29
id_1125,60.39
id_1126,35.02
id_1127,33.51
id_1128,37.18
id_1129,38.08
id_1130,27.37
id_1131,35.74
id_1132,35.81
id_1133,27.01
id_1134,38.16
id_1135,55.1
id_1136,79.08
id_1137,91.46
id_1138,94.6
id_1139,80.55
id_1140,86.94
id_1141,78.54
id_1142,73.57
id_1143,12.01
id_1144,18.11
id_1145,15.58
id_1146,18.16
id_1147,25.82
id_1148,28.31
id_1149,33.25
id_1150,31.02
id_1151,29.15
id_1152,173.52
id_1153,151.23
id_1154,136.56
id_1155,116.67
id_1156,130.32
id_1157,145.1
id_1158,156.89
id_1159,147.68
id_1160,125.7
id_1161,9.88
id_1162,6.97
id_1163,10.72
id_1164,9.63
id_1165,21.18
id_1166,14.86
id_1167,20.26
id_1168,34.88
id_1169,34.46
id_1170,26.21
id_1171,33.62
id_1172,89.18
id_1173,87.84
id_1174,116.94
id_1175,100.61
id_1176,96.82
id_1177,76.83
id_1178,82.05
id_1179,38.08
id_1180,27.37
id_1181,35.74
id_1182,35.81
id_1183,27.01
id_1184,31.81
id_1185,38.16
id_1186,55.1
id_1187,79.08
id_1188,40.61
id_1189,50.46
id_1190,56.49
id_1191,57.58
id_1192,71.56
id_1193,62.2
id_1194,61.8
id_1195,57.93
id_1196,69.86
id_1197,29.15
id_1198,19.86
id_1199,14.52
id_1200,8.45
id_1201,3.04
id_1202,12.39
id_1203,27.46
id_1204,33.85
id_1205,25.32
id_1206,57.93
id_1207,69.86
id_1208,87.79
id_1209,86.95
id_1210,69.46
id_1211,56.3
id_1212,52.44
id_1213,44.85
id_1214,27.43
id_1215,38.4
id_1216,41.88
id_1217,34.16
id_1218,30.74
id_1219,30.64
id_1220,20.26
id_1221,18.35
id_1222,19.73
id_1223,26.43
id_1224,30.28
id_1225,40.1
id_1226,44.14
id_1227,45.96
id_1228,53.32
id_1229,48.59
id_1230,41.1
id_1231,38.69
id_1232,29.49
id_1233,43.74
id_1234,54.35
id_1235,52.58
id_1236,48.47
id_1237,52.92
id_1238,75.78
id_1239,59.97
id_1240,51.46
id_1241,52.07
id_1242,28.42
id_1243,34.14
id_1244,35.7
id_1245,29.33
id_1246,24.24
id_1247,18.59
id_1248,19.24
id_1249,19.15
id_1250,24.02
id_1251,-5.51
id_1252,-8.49
id_1253,-1.2
id_1254,11.01
id_1255,37.33
id_1256,30.85
id_1257,36.27
id_1258,26.56
id_1259,44.32
id_1260,62.32
id_1261,61.18
id_1262,58.64
id_1263,51.75
id_1264,45.64
id_1265,49.34
id_1266,57.96
id_1267,58.79
id_1268,50.95
id_1269,30.59
id_1270,18.53
id_1271,6.91
id_1272,5.23
id_1273,5.23
id_1274,8.22
id_1275,9.3
id_1276,15.58
id_1277,8.52
id_1278,30.85
id_1279,36.27
id_1280,26.56
id_1281,44.32
id_1282,26.61
id_1283,20.55
id_1284,1.14
id_1285,13.79
id_1286,1.4
id_1287,13.61
id_1288,17.03
id_1289,23.14
id_1290,34.34
id_1291,37.61
id_1292,37.58
id_1293,33.85
id_1294,43.74
id_1295,54.35
id_1296,29.05
id_1297,25.68
id_1298,17.09
id_1299,13.01
id_1300,-1.52
id_1301,10.46
id_1302,9.33
id_1303,33.06
id_1304,28.42
id_1305,8.25
id_1306,12.83
id_1307,3.13
id_1308,14.06
id_1309,-0.52
id_1310,8.0
id_1311,4.39
id_1312,4.22
id_1313,5.08
id_1314,61.19
id_1315,71.12
id_1316,75.15
id_1317,58.26
id_1318,43.39
id_1319,29.34
id_1320,19.94
id_1321,12.93
id_1322,9.25
id_1323,-4.61
id_1324,14.09
id_1325,45.54
id_1326,40.95
id_1327,45.58
id_1328,38.86
id_1329,35.75
id_1330,38.09
id_1331,36.0
id_1332,11.73
id_1333,14.81
id_1334,13.4
id_1335,7.91
id_1336,13.73
id_1337,26.22
id_1338,19.02
id_1339,12.58
id_1340,16.2
id_1341,13.4
id_1342,7.91
id_1343,13.73
id_1344,26.22
id_1345,19.02
id_1346,12.58
id_1347,16.2
id_1348,12.76
id_1349,18.15
id_1350,41.1
id_1351,38.69
id_1352,29.49
id_1353,30.59
id_1354,18.53
id_1355,6.91
id_1356,5.23
id_1357,5.23
id_1358,8.22
id_1359,3.32
id_1360,-0.43
id_1361,3.63
id_1362,11.85
id_1363,15.38
id_1364,10.99
id_1365,29.39
id_1366,22.53
id_1367,19.28
id_1368,3.99
id_1369,13.12
id_1370,11.24
id_1371,2.08
id_1372,-3.22
id_1373,-3.98
id_1374,-4.02
id_1375,4.48
id_1376,10.21
id_1377,5.23
id_1378,5.23
id_1379,8.22
id_1380,9.3
id_1381,15.58
id_1382,8.52
id_1383,11.73
id_1384,14.81
id_1385,13.4
id_1386,13.23
id_1387,21.06
id_1388,9.39
id_1389,5.49
id_1390,3.89
id_1391,8.88
id_1392,9.23
id_1393,1.34
id_1394,-1.77
id_1395,29.33
id_1396,24.24
id_1397,18.59
id_1398,19.24
id_1399,19.15
id_1400,24.02
id_1401,29.14
id_1402,28.53
id_1403,21.6
id_1404,9.39
id_1405,5.49
id_1406,3.89
id_1407,8.88
id_1408,9.23
id_1409,1.34
id_1410,-1.77
id_1411,-5.76
id_1412,-10.63
id_1413,22.66
id_1414,39.95
id_1415,50.77
id_1416,44.1
id_1417,33.86
id_1418,27.57
id_1419,35.81
id_1420,40.43
id_1421,60.21
id_1422,14.84
id_1423,11.95
id_1424,2.11
id_1425,1.79
id_1426,3.15
id_1427,12.8
id_1428,23.04
id_1429,26.46
id_1430,37.56
id_1431,4.42
id_1432,8.63
id_1433,18.88
id_1434,12.01
id_1435,0.97
id_1436,1.33
id_1437,23.64
id_1438,33.04
id_1439,33.88
id_1440,1.33
id_1441,23.64
id_1442,33.04
id_1443,33.88
id_1444,33.23
id_1445,21.6
id_1446,19.04
id_1447,14.96
id_1448,6.58
id_1449,14.57
id_1450,-0.04
id_1451,11.6
id_1452,3.3
id_1453,12.87
id_1454,15.64
id_1455,11.29
id_1456,16.37
id_1457,16.06
id_1458,14.4
id_1459,14.84
id_1460,11.95
id_1461,2.11
id_1462,1.79
id_1463,3.15
id_1464,12.8
id_1465,23.04
id_1466,26.46
id_1467,56.45
id_1468,44.5
id_1469,39.21
id_1470,28.08
id_1471,33.4
id_1472,42.84
id_1473,39.05
id_1474,31.36
id_1475,26.49
id_1476,25.29
id_1477,17.97
id_1478,14.4
id_1479,14.84
id_1480,11.95
id_1481,2.11
id_1482,1.79
id_1483,3.15
id_1484,12.8
id_1485,19.94
id_1486,12.93
id_1487,9.25
id_1488,5.84
id_1489,3.58
id_1490,3.04
id_1491,5.0
id_1492,10.2
id_1493,10.01
id_1494,4.54
id_1495,-0.17
id_1496,13.76
id_1497,25.82
id_1498,32.03
id_1499,26.27
id_1500,18.44
id_1501,13.13
id_1502,12.25
id_1503,75.15
id_1504,58.26
id_1505,43.39
id_1506,29.34
id_1507,19.94
id_1508,12.93
id_1509,9.25
id_1510,5.84
id_1511,3.58
id_1512,26.5
id_1513,22.1
id_1514,37.16
id_1515,27.72
id_1516,26.73
id_1517,28.33
id_1518,25.29
id_1519,17.97
id_1520,14.4
id_1521,10.01
id_1522,7.29
id_1523,5.47
id_1524,11.62
id_1525,22.66
id_1526,39.95
id_1527,50.77
id_1528,44.1
id_1529,33.86
id_1530,11.21
id_1531,25.91
id_1532,35.55
id_1533,34.72
id_1534,26.59
id_1535,24.45
id_1536,21.36
id_1537,22.69
id_1538,26.75
id_1539,1.41
id_1540,13.51
id_1541,17.83
id_1542,19.93
id_1543,23.3
id_1544,23.48
id_1545,26.5
id_1546,22.1
id_1547,37.16
id_1548,3.64
id_1549,3.68
id_1550,5.55
id_1551,7.12
id_1552,8.43
id_1553,12.52
id_1554,-5.68
id_1555,-8.77
id_1556,-3.24
id_1557,5.0
id_1558,10.2
id_1559,10.01
id_1560,7.29
id_1561,5.47
id_1562,11.62
id_1563,22.66
id_1564,39.95
id_1565,50.77
id_1566,17.38
id_1567,28.37
id_1568,19.23
id_1569,10.67
id_1570,7.38
id_1571,8.61
id_1572,15.75
id_1573,11.1
id_1574,16.32
id_1575,17.32
id_1576,6.02
id_1577,2.66
id_1578,15.11
id_1579,29.77
id_1580,39.25
id_1581,38.12
id_1582,36.25
id_1583,50.57
id_1584,44.73
id_1585,51.17
id_1586,50.08
id_1587,50.46
id_1588,41.3
id_1589,44.71
id_1590,41.01
id_1591,40.47
id_1592,23.58
id_1593,30.39
id_1594,41.55
id_1595,41.0
id_1596,48.1
id_1597,47.22
id_1598,34.89
id_1599,35.28
id_1600,33.98
id_1601,38.11
id_1602,23.21
id_1603,15.7
id_1604,15.26
id_1605,27.71
id_1606,26.51
id_1607,27.41
id_1608,22.04
id_1609,26.15
id_1610,17.34
id_1611,13.24
id_1612,6.38
id_1613,13.64
id_1614,15.52
id_1615,15.23
id_1616,9.98
id_1617,20.23
id_1618,16.26
id_1619,33.7
id_1620,34.83
id_1621,38.21
id_1622,43.77
id_1623,46.44
id_1624,54.84
id_1625,53.27
id_1626,53.79
id_1627,47.97
id_1628,45.38
id_1629,38.64
id_1630,37.61
id_1631,32.56
id_1632,47.81
id_1633,49.58
id_1634,56.83
id_1635,66.51
id_1636,68.77
id_1637,64.93
id_1638,47.71
id_1639,48.3
id_1640,44.73
id_1641,51.17
id_1642,50.08
id_1643,50.46
id_1644,41.3
id_1645,44.71
id_1646,41.01
id_1647,18.18
id_1648,21.34
id_1649,23.02
id_1650,26.06
id_1651,25.78
id_1652,29.57
id_1653,34.83
id_1654,38.21
id_1655,43.77
id_1656,19.27
id_1657,18.48
id_1658,17.58
id_1659,17.32
id_1660,6.02
id_1661,2.66
id_1662,15.11
id_1663,29.77
id_1664,39.25
id_1665,16.52
id_1666,29.95
id_1667,40.09
id_1668,37.96
id_1669,28.71
id_1670,24.82
id_1671,10.57
id_1672,22.31
id_1673,26.09
id_1674,50.57
id_1675,48.06
id_1676,57.62
id_1677,54.76
id_1678,53.97
id_1679,53.93
id_1680,51.54
id_1681,45.97
id_1682,38.59
id_1683,37.73
id_1684,30.06
id_1685,22.53
id_1686,35.03
id_1687,29.97
id_1688,33.04
id_1689,24.43
id_1690,31.53
id_1691,27.79
id_1692,13.64
id_1693,15.52
id_1694,15.23
id_1695,9.98
id_1696,20.23
id_1697,16.26
id_1698,33.7
id_1699,48.79
id_1700,40.95
id_1701,30.06
id_1702,22.53
id_1703,35.03
id_1704,29.97
id_1705,33.04
id_1706,24.43
id_1707,31.53
id_1708,27.79
id_1709,34.95
id_1710,10.22
id_1711,17.28
id_1712,24.43
id_1713,39.88
id_1714,36.6
id_1715,36.19
id_1716,29.45
id_1717,29.63
id_1718,43.97
id_1719,23.95
id_1720,10.85
id_1721,31.33
id_1722,34.17
id_1723,39.96
id_1724,43.76
id_1725,48.75
id_1726,41.66
id_1727,39.5
id_1728,31.71
id_1729,23.21
id_1730,15.7
id_1731,15.26
id_1732,27.71
id_1733,26.51
id_1734,27.41
id_1735,22.04
id_1736,26.15
id_1737,41.97
id_1738,44.69
id_1739,41.68
id_1740,37.52
id_1741,37.89
id_1742,31.58
id_1743,24.01
id_1744,20.83
id_1745,23.54
id_1746,15.52
id_1747,15.23
id_1748,9.98
id_1749,20.23
id_1750,16.26
id_1751,33.7
id_1752,48.79
id_1753,40.95
id_1754,39.81
id_1755,34.89
id_1756,35.28
id_1757,33.98
id_1758,38.11
id_1759,45.98
id_1760,45.58
id_1761,42.68
id_1762,31.71
id_1763,23.21
id_1764,29.86
id_1765,30.44
id_1766,49.93
id_1767,55.87
id_1768,56.45
id_1769,44.5
id_1770,39.21
id_1771,28.08
id_1772,33.4
id_1773,24.93
id_1774,30.97
id_1775,15.48
id_1776,19.04
id_1777,12.08
id_1778,-10.63
id_1779,9.36
id_1780,6.95
id_1781,9.98
id_1782,13.64
id_1783,10.26
id_1784,33.66
id_1785,55.41
id_1786,61.58
id_1787,61.58
id_1788,54.03
id_1789,40.64
id_1790,31.35
id_1791,35.99
id_1792,39.11
id_1793,43.22
id_1794,25.24
id_1795,25.08
id_1796,23.7
id_1797,25.45
id_1798,26.3
id_1799,25.29
id_1800,27.4
id_1801,28.8
id_1802,29.74
id_1803,52.38
id_1804,45.87
id_1805,39.37
id_1806,22.11
id_1807,34.25
id_1808,41.3
id_1809,56.96
id_1810,47.03
id_1811,31.44
id_1812,22.06
id_1813,36.64
id_1814,31.61
id_1815,32.02
id_1816,37.16
id_1817,52.3
id_1818,34.16
id_1819,41.97
id_1820,41.5
id_1821,27.62
id_1822,32.39
id_1823,22.41
id_1824,25.79
id_1825,25.79
id_1826,24.04
id_1827,49.09
id_1828,35.81
id_1829,27.65
id_1830,22.46
id_1831,22.68
id_1832,27.2
id_1833,27.4
id_1834,28.8
id_1835,29.74
id_1836,8.38
id_1837,11.04
id_1838,23.17
id_1839,45.66
id_1840,53.26
id_1841,50.26
id_1842,54.85
id_1843,67.5
id_1844,57.77
id_1845,25.28
id_1846,34.96
id_1847,34.16
id_1848,41.97
id_1849,41.5
id_1850,27.62
id_1851,32.39
id_1852,22.41
id_1853,25.79
id_1854,61.58
id_1855,54.03
id_1856,40.64
id_1857,31.35
id_1858,20.73
id_1859,27.45
id_1860,54.92
id_1861,56.96
id_1862,47.03
id_1863,15.98
id_1864,18.56
id_1865,14.31
id_1866,6.19
id_1867,14.81
id_1868,20.73
id_1869,27.1
id_1870,13.29
id_1871,16.58
id_1872,34.25
id_1873,41.3
id_1874,61.66
id_1875,65.04
id_1876,60.32
id_1877,65.39
id_1878,55.66
id_1879,59.28
id_1880,66.81
id_1881,46.31
id_1882,46.45
id_1883,52.36
id_1884,51.49
id_1885,51.46
id_1886,50.53
id_1887,53.4
id_1888,52.93
id_1889,49.09
id_1890,55.41
id_1891,61.58
id_1892,61.58
id_1893,54.03
id_1894,40.64
id_1895,31.35
id_1896,20.73
id_1897,27.45
id_1898,54.92
id_1899,16.72
id_1900,17.82
id_1901,12.56
id_1902,-7.59
id_1903,-6.22
id_1904,8.42
id_1905,5.74
id_1906,18.76
id_1907,8.17
id_1908,36.42
id_1909,18.5
id_1910,10.28
id_1911,12.26
id_1912,5.86
id_1913,14.49
id_1914,23.71
id_1915,17.7
id_1916,20.96
id_1917,65.86
id_1918,51.59
id_1919,49.24
id_1920,58.34
id_1921,36.91
id_1922,46.4
id_1923,43.67
id_1924,37.78
id_1925,38.8
id_1926,57.77
id_1927,45.76
id_1928,42.52
id_1929,46.31
id_1930,46.45
id_1931,52.36
id_1932,51.49
id_1933,51.46
id_1934,50.53
id_1935,5.86
id_1936,14.49
id_1937,23.71
id_1938,17.7
id_1939,20.96
id_1940,23.78
id_1941,17.16
id_1942,20.79
id_1943,17.68
id_1944,65.39
id_1945,55.66
id_1946,59.28
id_1947,66.81
id_1948,59.81
id_1949,52.17
id_1950,52.84
id_1951,46.38
id_1952,59.85
id_1953,56.75
id_1954,46.19
id_1955,30.43
id_1956,23.05
id_1957,40.25
id_1958,44.43
id_1959,56.26
id_1960,38.36
id_1961,35.45
id_1962,71.72
id_1963,77.38
id_1964,69.62
id_1965,52.93
id_1966,55.31
id_1967,53.53
id_1968,51.77
id_1969,44.32
id_1970,33.36
id_1971,32.38
id_1972,28.78
id_1973,25.71
id_1974,18.66
id_1975,25.01
id_1976,19.63
id_1977,17.03
id_1978,12.23
id_1979,12.39
id_1980,26.93
id_1981,17.03
id_1982,14.73
id_1983,7.94
id_1984,19.12
id_1985,23.28
id_1986,25.61
id_1987,25.08
id_1988,25.24
id_1989,8.93
id_1990,13.5
id_1991,7.96
id_1992,12.38
id_1993,11.4
id_1994,12.52
id_1995,20.28
id_1996,13.68
id_1997,14.61
id_1998,19.47
id_1999,15.07
id_2000,10.72
id_2001,15.37
id_2002,17.13
id_2003,27.09
id_2004,38.21
id_2005,44.43
id_2006,37.96
id_2007,34.93
id_2008,42.14
id_2009,27.91
id_2010,15.05
id_2011,20.16
id_2012,18.26
id_2013,20.38
id_2014,10.39
id_2015,16.69
id_2016,13.4
id_2017,15.1
id_2018,14.34
id_2019,20.84
id_2020,22.51
id_2021,25.63
id_2022,17.6
id_2023,14.0
id_2024,8.63
id_2025,11.48
id_2026,20.95
id_2027,27.93
id_2028,22.38
id_2029,9.99
id_2030,3.93
id_2031,10.51
id_2032,20.96
id_2033,24.35
id_2034,15.81
id_2035,19.83
id_2036,23.66
id_2037,25.87
id_2038,29.58
id_2039,26.7
id_2040,29.63
id_2041,16.33
id_2042,20.48
id_2043,29.8
id_2044,30.14
id_2045,25.77
id_2046,20.8
id_2047,36.99
id_2048,34.93
id_2049,42.14
id_2050,27.91
id_2051,15.05
id_2052,25.08
id_2053,25.24
id_2054,39.05
id_2055,29.42
id_2056,30.63
id_2057,30.24
id_2058,23.68
id_2059,29.8
id_2060,30.14
id_2061,10.13
id_2062,10.34
id_2063,17.04
id_2064,20.9
id_2065,16.4
id_2066,1.45
id_2067,8.61
id_2068,19.42
id_2069,36.03
id_2070,11.17
id_2071,9.44
id_2072,13.61
id_2073,19.47
id_2074,15.07
id_2075,10.72
id_2076,15.37
id_2077,17.13
id_2078,27.09
id_2079,13.74
id_2080,26.06
id_2081,25.84
id_2082,24.67
id_2083,19.84
id_2084,9.78
id_2085,8.83
id_2086,8.64
id_2087,15.34
id_2088,39.71
id_2089,26.87
id_2090,21.26
id_2091,15.81
id_2092,32.58
id_2093,36.86
id_2094,34.58
id_2095,21.75
id_2096,17.89
id_2097,18.66
id_2098,25.01
id_2099,19.63
id_2100,17.03
id_2101,12.23
id_2102,12.39
id_2103,18.73
id_2104,21.1
id_2105,18.27
id_2106,12.41
id_2107,20.83
id_2108,25.08
id_2109,28.6
id_2110,22.14
id_2111,20.7
id_2112,15.19
id_2113,27.88
id_2114,35.78
id_2115,22.14
id_2116,20.7
id_2117,15.19
id_2118,27.88
id_2119,35.78
id_2120,41.17
id_2121,29.36
id_2122,26.93
id_2123,17.03
id_2124,21.1
id_2125,18.27
id_2126,23.67
id_2127,29.27
id_2128,28.85
id_2129,19.5
id_2130,13.05
id_2131,17.02
id_2132,19.53
id_2133,15.05
id_2134,13.36
id_2135,11.72
id_2136,16.43
id_2137,17.62
id_2138,19.47
id_2139,13.43
id_2140,13.4
id_2141,15.1
id_2142,14.61
id_2143,11.77
id_2144,19.73
id_2145,14.77
id_2146,10.63
id_2147,8.17
id_2148,9.36
id_2149,11.58
id_2150,16.17
id_2151,21.05
id_2152,18.91
id_2153,23.55
id_2154,21.76
id_2155,22.25
id_2156,23.69
id_2157,13.83
id_2158,14.29
id_2159,9.16
